subject,trial_count,likelihood,model,encoding_drift_rate,start_drift_rate,recall_drift_rate,shared_support,item_support,learning_rate,primacy_scale,primacy_decay,stop_probability_scale,stop_probability_growth,choice_sensitivity,delay_drift_rate,sampling_rule,mfc_familiarity_scale,mcf_familiarity_scale,drift_familiarity_scale,context_sensitivity,feature_sensitivity
63,28,699.197475078036,PrototypeCMR,0.871549041522815,0.5899744285937741,0.8140235938112591,0.9006185607471195,0.1242320556533758,0.744301508274078,0.28946153175029343,42.88626684159881,0.00328169693430913,0.38129290037760644,9.461905740017453,0.018383509172376297,0,0,0,0,,
64,28,509.92678108824725,PrototypeCMR,0.6776427732259573,2.220446049250313e-16,0.9999999999999998,0.2200801285580006,2.220446049250313e-16,0.6673372706395716,1.0982853398880972,46.06953313549139,0.0026477539774175407,0.28437829898198047,6.083764926590838,0.7047537090933879,0,0,0,0,,
65,28,506.9880728457299,PrototypeCMR,0.8555261726182456,0.17587653836788095,0.7005366351447924,0.3028071462436997,0.9999999999999998,0.43076479537975865,2.2270301568898407,3.0928297449065347,0.005149675939895055,0.4052936901854514,5.033090603460273,0.22380030897081457,0,0,0,0,,
66,28,620.8528326440606,PrototypeCMR,0.7656951698008753,0.22802594051465472,0.8856750668908125,0.6384523218212947,2.220446049250313e-16,0.42541391172768217,1.8631138191182506,0.5823312979826629,0.0007234604731786495,0.47060960989089273,7.812209492218155,0.6974467501840409,0,0,0,0,,
67,28,632.5491264988132,PrototypeCMR,0.7526376473851122,2.220446049250313e-16,0.9161342275369151,0.5197825945249864,0.572634490065809,0.5828225928489628,1.717022880664829,44.738607013594795,0.0006387524574892841,0.47562404786905627,7.486357235614832,0.0645845504582166,0,0,0,0,,
69,28,637.7958398731724,PrototypeCMR,0.9065648688611653,0.006078727984725576,0.9314042176807278,0.040903536369564945,0.9999999999999998,0.19053215136371113,27.868674225293194,32.04089248070452,0.005149822743066377,0.33505405587820897,1.1937725170510787,2.220446049250313e-16,0,0,0,0,,
70,28,508.3408476207135,PrototypeCMR,0.9336400056419225,0.14295380030388055,0.8922502288460377,0.45880438185126476,2.220446049250313e-16,0.9999999999999998,0.5873248755348301,42.38639589444934,0.01073067860947956,0.36072153778600946,7.776049596017432,1.9110252294322368e-08,0,0,0,0,,
73,28,655.2191108633915,PrototypeCMR,0.815797303305241,0.45012564968070057,0.8996392648205321,0.6428719011017157,0.9181574088824624,0.5606612433293755,1.643573073747911,26.857819485643585,0.006546769122503662,0.31266753692120985,6.20413823318004,0.6073716202768666,0,0,0,0,,
74,28,595.509144713976,PrototypeCMR,0.8461151727437624,2.220446049250313e-16,0.7404984650449252,0.45752804845853134,0.047158851312458075,0.5483729231126885,2.4236057535416533,1.8524084110856074,0.0002980371598330757,0.4960445451515965,9.821255134482094,0.9999999999999998,0,0,0,0,,
75,28,434.2478049298883,PrototypeCMR,0.7769104414054259,0.08397526844883146,0.7322994212735627,0.3373767045169685,0.9962681915469461,0.16642634131368658,4.367193285662555,22.81570687991343,0.010390607350671951,0.4377705479856459,5.17421911929448,0.21722641898967304,0,0,0,0,,
76,28,645.1001027462481,PrototypeCMR,0.7663376335494333,0.004417568246723413,0.785175160097805,0.2897554212685862,0.04778972645519037,0.672345626868534,0.4993861364497152,54.374699738580425,0.0002775841009471236,0.46334727517820995,5.9978727279850625,0.9999767921061137,0,0,0,0,,
77,28,642.705966679441,PrototypeCMR,0.8054224145230264,0.017750876954207108,0.8879756532227012,0.40838432985278333,0.6248106950430434,0.4283030513803997,1.6193297014361652,84.87049820689185,0.0009551268414181585,0.463577693867384,5.467298086599097,0.39777327351838493,0,0,0,0,,
79,28,544.3758218521712,PrototypeCMR,0.8574470622729098,2.220446049250313e-16,0.8962229650714358,0.30760257249430323,2.220446049250313e-16,0.844149025433285,1.0416901923025632,0.6491599658243616,0.0022052636072625404,0.3572546653920979,6.448806242892516,2.220446049250313e-16,0,0,0,0,,
81,28,686.7810175301936,PrototypeCMR,0.8778679650439465,0.028990814700477492,0.793135952070043,0.39728679131154226,0.8426622983463509,0.4089913155459719,4.97033893727449,71.1505365969312,0.001741685345593455,0.4235268038321296,4.699691052021255,0.33557064494926236,0,0,0,0,,
82,28,631.1699870091591,PrototypeCMR,0.9121131180248991,0.0778923419203797,0.9019491167782506,0.12969235510463173,0.9999999999999998,0.34235769789151693,0.5637618656542511,62.207305080751716,0.0004921832702929469,0.5652413610120114,2.2696587283609797,0.29050107328125047,0,0,0,0,,
84,28,535.1871541697451,PrototypeCMR,0.6483917532215135,0.02675511893832211,0.9092010044543686,0.7081144270461183,0.5849274869761734,0.17913396129481446,2.3229142136968406,69.30855698572987,0.02103183629275923,0.2821318662395287,7.715312981730009,0.9736229501331026,0,0,0,0,,
85,28,457.38403854926094,PrototypeCMR,0.74520537331731,0.7731212907860266,0.8015115061191554,0.2138377057309413,0.03631238998806139,0.7939941502149048,0.07853845466996262,99.47025203232374,3.0847040775527054e-07,0.9755615112255676,6.642561064157308,0.8201147807034593,0,0,0,0,,
86,28,644.9962775344054,PrototypeCMR,0.6655029288589154,0.07816176719428132,0.6174808476712992,0.24239375036706878,0.0015557936101189328,0.1401078751391573,4.986489821490915,1.0294643405010389,0.003005533622547566,0.39961542806457623,4.358275652178246,0.6212670469562077,0,0,0,0,,
87,28,511.5836245304367,PrototypeCMR,0.9113171881636936,2.220446049250313e-16,0.8966370383328157,0.34132747524400064,0.9999999999999998,0.321601766979114,3.6229847491925273,38.907190822272256,0.030968419922049736,0.1919924566191247,3.921428637615826,6.513983687544796e-08,0,0,0,0,,
88,28,674.8843587703908,PrototypeCMR,0.8425290841588324,0.837999152154678,0.7886927280984171,0.5101122686921724,0.9999999999999998,0.4512026630197253,0.0788466721571414,95.46409331748104,0.005960143822696872,0.3162630042492125,5.192026401036154,0.21600407491683282,0,0,0,0,,
89,28,610.7207166690374,PrototypeCMR,0.6729287081227742,0.783989840326237,0.91666847842093,0.3990381020386221,0.2549328384446336,0.8874941918841951,0.3305762969239886,0.44562905117544793,0.0009789445117885844,0.46713038187467515,6.345862766691414,0.6054150091968115,0,0,0,0,,
90,28,643.7239079394427,PrototypeCMR,0.9285004844632428,0.3019767968568079,0.9410857112221167,0.3272621663485493,0.9055449136059985,0.4784523350462837,0.3805782594711536,43.96472601777219,0.0006982309277887446,0.4909423786347401,4.335357739363512,0.5207626733667359,0,0,0,0,,
91,28,548.0107813644465,PrototypeCMR,0.8988283678073689,0.041979297018154685,0.8274425034966532,0.6209135045917828,2.220446049250313e-16,0.8981454078449511,1.6965293361597713,49.42240573921981,0.010828673053177489,0.3481195381457379,8.836589492400321,0.8988752315203918,0,0,0,0,,
92,28,789.0770172548475,PrototypeCMR,0.8028704875045231,0.20236052978690677,0.8830348284580525,0.36971075442345525,0.8609713019946592,0.40865676124905703,3.1020063704222713,92.67159695797011,0.00017303678284309875,0.5610734454833993,2.984424099140419,0.7781159972308894,0,0,0,0,,
93,28,450.22978365074715,PrototypeCMR,0.9392519090364659,0.14703227345377548,0.832063941253051,0.36005846005579195,0.5163927276226757,0.4481358384053137,3.1009174634509393,64.12241401151358,0.003647627391739593,0.6237412611465543,4.915793462611894,0.38851380329758783,0,0,0,0,,
94,28,472.515055894462,PrototypeCMR,0.8543596675337085,0.03850814553149471,0.7477881309948069,0.12433871036040171,0.9999999999999998,0.14893224050262807,23.457408826945247,3.0141355254669016,0.015539946619494413,0.3590561619917181,2.068504197454447,7.70933491692492e-09,0,0,0,0,,
95,28,572.872783564474,PrototypeCMR,0.7502144687748279,0.04193559855731652,0.8816249203490826,0.3071363056196988,0.6962379782358412,0.3477793370269147,2.3093276563743017,73.66737159986661,0.016032213335833212,0.2755436110088118,3.590378618490905,0.44092317779132917,0,0,0,0,,
96,28,413.3687283510427,PrototypeCMR,0.8149045443434769,0.34044382117252114,0.9766331579608235,0.675635771397793,0.5624822133970446,0.9999999999999998,0.36053252806719305,54.15962320586362,0.031971116974748054,0.18883443120962096,10.0,0.8523879538265235,0,0,0,0,,
98,28,687.935602967096,PrototypeCMR,0.8161353714235884,0.05475070848540798,0.9161872106272857,0.8859330768107974,0.4563298589922544,0.6596844940763021,1.3747331601192885,14.629662230932215,0.0005740929972348993,0.49751454361934905,9.540886979141165,0.7803524651355347,0,0,0,0,,
99,28,680.8111675191955,PrototypeCMR,0.9076099433841233,0.20832626638456067,0.8379978240311645,0.3652616785919701,0.9999999999999998,0.36270644101429095,4.1159407967374175,29.411138766041677,0.0018162634411107545,0.4059251999921161,4.148990341369752,2.7102406825016618e-12,0,0,0,0,,
100,28,540.0996232321786,PrototypeCMR,0.6952084102195492,2.220446049250313e-16,0.6952369473707045,0.46766188953323606,0.661041631997281,0.34529547341847244,2.2588027768143566,11.027857892765576,0.00810204608783951,0.38169868396283985,6.594573085655174,0.9999999999894144,0,0,0,0,,
101,28,711.132986802364,PrototypeCMR,0.8502296625367579,0.1405849705785834,0.7531644980772323,0.5089106666070673,0.3350346092348313,0.547138715013021,1.5576784840050106,0.8810994863623248,6.700885605800715e-05,0.592589570072508,7.6750620518468775,0.45572573750412526,0,0,0,0,,
102,28,605.9208710853753,PrototypeCMR,0.9400695614106065,0.055971572228866964,0.8480845881044634,0.3110335479570696,0.9999999999999998,0.24578322795783916,9.829784110583788,85.2498501331462,0.008780977144175443,0.31959656404795045,3.4364202380134397,1.1268363294169873e-05,0,0,0,0,,
103,28,372.43976318309467,PrototypeCMR,0.9057785803718754,2.220446049250313e-16,0.9046372077881294,0.2207665447255318,0.9999999999999998,0.47604463058053964,5.734984016938348,28.17337835851328,0.0334081141197566,0.3572214523712304,2.582080563462532,2.220446049250313e-16,0,0,0,0,,
104,28,665.5557981836845,PrototypeCMR,0.7809488083297905,0.24414583514103516,0.8871219944692204,0.5901025615212969,0.20921859760560638,0.8050276366401454,1.417619162208161,0.9477089061559185,2.9718281566357255e-05,0.6825765378186325,7.894180250316986,0.1939854263527656,0,0,0,0,,
105,28,596.3035524313549,PrototypeCMR,0.7765535890661778,0.15591076051368025,0.932604169567042,0.2830378684706285,2.220446049250313e-16,0.9615964838457939,0.4481807197941088,31.838386783430867,0.002753406858383977,0.35124877993502196,5.3863718353137955,0.028096999889762303,0,0,0,0,,
106,28,745.4067056208971,PrototypeCMR,0.840793580807832,0.07563735726938317,0.8683443833522162,0.501450014623017,0.8690886082520595,0.48565541225980574,1.8817131550049038,81.5009352005994,5.805884274237446e-06,0.7723874094949331,5.187224537801866,0.22429066463673536,0,0,0,0,,
107,28,593.7741426544061,PrototypeCMR,0.9685786894473776,2.220446049250313e-16,0.8435841201804735,0.3672964663377695,0.9999999999999998,0.36431487454894596,3.268844081596577,0.9980185434933708,0.005491427278389538,0.35290160461495235,5.142064340485293,4.991041280700805e-11,0,0,0,0,,
108,28,635.2558966770755,PrototypeCMR,0.8133424394816108,0.0393976706498849,0.8536403983884031,0.20031728299376883,0.9999999999999998,0.25105536682573026,10.442283318201186,45.57391718436995,0.00755490979506191,0.3126952924121567,2.460362264193751,0.8245003327955396,0,0,0,0,,
110,28,712.6528028064747,PrototypeCMR,0.7875167140262826,0.11242694022770108,0.8671876657321177,0.4334273868449699,0.19045904419453483,0.5525543549861329,2.344773996612258,0.8374599110810513,5.427115293997274e-05,0.6236883143265305,5.398333713882623,0.5651233611530397,0,0,0,0,,
111,28,693.001552151734,PrototypeCMR,0.8324060231798217,0.07499637125570098,0.7589776445683954,0.49741422245019623,2.220446049250313e-16,0.3224539192574353,2.2813347296196134,20.74346427188429,0.00028222184118808244,0.5897436098807564,6.655027109636306,0.9139119427472722,0,0,0,0,,
112,28,628.7776091007523,PrototypeCMR,0.6897332159800827,0.07248268247775574,0.8401426669493965,0.155766769016997,0.8136063080998848,0.17504445972065258,4.67156723104291,0.9607852824413471,0.03750239396604598,0.12682580895550918,2.935273260808641,0.5369087556890214,0,0,0,0,,
113,28,526.561909680503,PrototypeCMR,0.8767645339222111,2.220446049250313e-16,0.8343662492671475,0.4233043922178354,0.9999999999999998,0.5005400418887938,3.3835223877594833,79.70568241294141,0.016817632177149013,0.2780942962657938,4.595963509436897,4.793652666063628e-06,0,0,0,0,,
114,28,576.1739207329186,PrototypeCMR,0.8622954919386177,0.12378516743119548,0.9439838677236468,0.13537637110297038,0.7125660178534551,0.27329443709910944,2.067778459711348,23.042507771697274,0.013237739468075991,0.29525091122668573,2.1145306635532632,0.9263829012253996,0,0,0,0,,
115,28,612.8622974587131,PrototypeCMR,0.9404618399122701,2.220446049250313e-16,0.9214297014480749,0.08485942964919861,0.9999999999999998,0.45444211324585576,4.116489304492965,35.17636700832682,0.001605908971849231,0.4368979364022953,1.9128528506227915,4.574693200066945e-08,0,0,0,0,,
117,28,621.1790775525515,PrototypeCMR,0.513692961625849,2.220446049250313e-16,0.9390410824022168,0.2750178475583813,0.48181162803887184,0.38445336433283295,0.8747664150166423,54.10374121463817,0.0017351428029841042,0.4335817672297343,6.394407288362245,0.9999999999994038,0,0,0,0,,
118,28,400.9849603060785,PrototypeCMR,0.9696852731823618,0.17352497863320301,0.7602663105675072,0.10138031738445037,0.9346543309366147,0.44334983856567106,11.487475456125903,66.56524811696974,0.025569194540426006,0.3055302545831984,2.630725745086691,0.361290195272502,0,0,0,0,,
119,28,663.2246786455222,PrototypeCMR,0.9391456629606671,0.06296241321469824,0.7726045820137792,0.4368266733804799,0.08622915408337692,0.9999999999999998,2.2768575903705903,69.04194054312532,0.0020373770392997474,0.42946046798767223,6.898319791541958,0.8880605891090471,0,0,0,0,,
120,28,483.5777672989706,PrototypeCMR,0.9864155321656348,0.0012499920016986628,0.9670666514172801,0.004357182285657181,0.7763846188747952,0.2092794277242033,100.0,61.778649002314744,0.018752185263013362,0.38243418023998105,0.4796466806835851,3.3869114981372864e-06,0,0,0,0,,
122,28,679.7000226020202,PrototypeCMR,0.8207505006461557,0.08337389448622562,0.5445316995555378,0.5438446280061114,0.22602742999014733,0.687809886623733,1.2429166401692888,88.48355337257574,0.006612605719687272,0.31321779201147654,7.1642816495934305,0.9671981591044213,0,0,0,0,,
123,28,527.7400414681158,PrototypeCMR,0.9204175017552167,2.220446049250313e-16,0.6581045321036705,0.340988587768837,0.9999999999999998,0.33817422152871524,4.487168854658749,18.047297107010696,0.0035176346406154205,0.4602615407692954,5.611445112694767,2.220446049250313e-16,0,0,0,0,,
124,28,676.376337577424,PrototypeCMR,0.921413221837713,0.2816971871041838,0.8405827533499969,0.6430058393704556,0.9999999999999998,0.4745205686823862,1.5852612947132496,34.5333389548799,0.0006683113813044607,0.5112573703418503,7.064789110236013,0.27526282658460915,0,0,0,0,,
125,28,603.6595191725431,PrototypeCMR,0.8490275151656652,0.13545363365166216,0.9611857250724654,0.2917102353175497,2.220446049250313e-16,0.8135458630150026,0.8487040666485219,9.820845853005187,0.002878913342703553,0.3783591767829146,4.553098930651523,0.3865135293037133,0,0,0,0,,
127,28,655.9672485712659,PrototypeCMR,0.7882098442597569,2.220446049250313e-16,0.9010198946792639,0.7026227182005345,0.9999999999999998,0.4746870660323405,1.811885460302015,19.087836504929722,0.001726295995419502,0.40413948817600764,7.7491847611071325,0.19587459108214286,0,0,0,0,,
128,28,709.0843771314842,PrototypeCMR,0.7335296518953528,0.0852843209928301,0.8912561625360031,0.458859246715807,0.40177496535802104,0.5629889908078891,1.4700771252789127,65.61279167800613,6.550731984034584e-05,0.6072454320132783,6.38977710155157,0.4494304043545721,0,0,0,0,,
130,28,467.1418119899874,PrototypeCMR,0.8572736107916997,0.0005151499621812487,0.9856759169617652,0.5068267905270374,0.002358754687070901,0.9999999999999998,1.1875208439094935,87.17072418394787,0.0035419931047148442,0.35430974716737795,9.075274558005558,0.9999969140802408,0,0,0,0,,
131,28,703.9188437881625,PrototypeCMR,0.7379448480431331,0.1956364225410737,0.9160542897212651,0.7951105894762763,0.9999999999999998,0.4206964231247813,1.7006195411104974,63.50837450810107,0.0027403561569052225,0.3838114664339549,7.148806939091646,0.25798639981434024,0,0,0,0,,
132,28,586.3303956637499,PrototypeCMR,0.8907285443879068,0.0922393742732558,0.6276982753526464,0.10343981913988909,0.9999999999999998,0.2609488869943186,10.56789077697777,1.3786235509715683,0.011950803939961908,0.30163945741758313,1.6639163869525695,0.040945940778278775,0,0,0,0,,
133,28,557.7765454395143,PrototypeCMR,0.9358961058821578,2.220446049250313e-16,0.7959917884124338,0.381089404388533,0.9999999999999998,0.5427477899633057,2.220446049250313e-16,11.248071020330022,0.009548047568003424,0.29381921591342997,5.805526996251683,2.220446049250313e-16,0,0,0,0,,
134,28,611.6395562601834,PrototypeCMR,0.7871201535212191,0.3881039352655774,0.9296519641777806,0.48999793835410815,0.7342882948849984,0.572707551880493,1.171135853814105,44.56737057525029,0.0005683494086808503,0.45343288630616135,7.219462328384585,0.681502966407062,0,0,0,0,,
135,28,504.3777583275127,PrototypeCMR,0.903139930248542,0.1869735720994878,0.7527852250952329,0.5638318473606052,0.9999999999999998,0.6121214602267352,3.3956837672601377,0.9110234823224379,0.006239339333757918,0.43307638089251616,6.72574451462377,0.898821007193119,0,0,0,0,,
136,28,515.4868940294698,PrototypeCMR,0.6720948527657484,2.220446049250313e-16,0.737462951883858,0.9807295816332853,0.6726514358320091,0.09454287548650213,7.864938621298505,17.883289089974536,0.017910461774677273,0.33089557137715747,8.713115055165714,0.9999999999809885,0,0,0,0,,
137,28,734.3089445624348,PrototypeCMR,0.8776349399518564,0.34286571935671445,0.9843339413885064,0.7327099974876358,0.14268456554510722,0.8145949890672841,0.7405324197430115,34.63259157631332,0.0005819411818483747,0.4540834404874691,6.7916728908828174,0.37651877942101764,0,0,0,0,,
138,28,723.8113212623572,PrototypeCMR,0.8169617320943937,0.06565799973026704,0.8676267553891407,0.22144735475696456,0.9999999999999998,0.23053246239273334,3.159185834240135,35.62952688222354,0.00113816384802454,0.43937477318025986,2.5532515045593387,0.7760341082238167,0,0,0,0,,
139,28,746.3090176545461,PrototypeCMR,0.7469230532979766,0.1329550816240179,0.9386169291566103,0.7800414496458142,0.684487247008829,0.5592552623497716,1.0456915623209428,22.497904646175428,0.0005841596427285239,0.47598632526294443,6.9822963531007165,0.0035260786279342335,0,0,0,0,,
140,28,601.7009525890079,PrototypeCMR,0.849646099864154,0.2894669088564179,0.8921893301249526,0.5603015613870456,2.220446049250313e-16,0.9623719868091447,0.6547803739203869,70.7394460268741,0.006365231900110263,0.3135719045874782,7.877034432198136,0.8849575951601238,0,0,0,0,,
141,28,551.2222059696467,PrototypeCMR,0.9038246855715986,0.020944750986568464,0.7529983087711968,0.25903451528026394,0.9999999999999998,0.31295772081022083,2.4642511488259315,39.18144079651931,0.009108967007656753,0.34558759292783225,3.5867774032347697,2.220446049250313e-16,0,0,0,0,,
142,28,673.6703862592324,PrototypeCMR,0.847475363758672,0.1467454450613618,0.8524621694519487,0.5383874165657999,0.8754774674081267,0.38568793349152114,1.3720952420407704,49.949739684081095,0.0024609103465880497,0.3897791505262897,6.187091093870253,0.9319395527801565,0,0,0,0,,
143,28,534.4546841700289,PrototypeCMR,0.8034586177250506,0.075113121453276,0.6925793243900117,0.16924659960893143,0.9999999999999998,0.1959298472841249,5.66339913778973,0.9489008688241727,0.027536662673207667,0.20996233298068168,2.4943384839984537,0.7645532629657827,0,0,0,0,,
144,28,577.2958708421108,PrototypeCMR,0.9498539633486719,0.1297231972417462,0.7792641381783812,0.02270231787548017,2.220446049250313e-16,0.3278738462724114,4.867436290312336,76.37091646706449,0.005907957950357438,0.36771171256895024,1.3325473417121299,0.1532882253459908,0,0,0,0,,
145,28,721.4123045169291,PrototypeCMR,0.8648730254237565,0.08208113039796536,0.88704378872243,0.8494992638612938,0.4911035768365255,0.8937912151461944,1.0095745555593931,26.17034455855204,0.0015790145592498223,0.4077474694568227,8.533587098274564,0.9877746295729584,0,0,0,0,,
146,28,555.4509266908411,PrototypeCMR,0.8722834562662134,0.1909804651055445,0.8911875594632814,0.09400609638640224,0.9999999999999998,0.355239317886424,3.552352496338763,63.098501534444935,0.00978648511349367,0.31242530996659784,2.0290854926241626,2.220446049250313e-16,0,0,0,0,,
147,28,665.0570224628641,PrototypeCMR,0.9276476304646999,0.2735572284172584,0.9196971874599327,0.31770257653664374,0.7652952653280175,0.532219405622082,4.395811429918427,1.2196482144460996,0.00034162218254516093,0.5217140749713041,3.9823581489393827,0.3005926026369748,0,0,0,0,,
148,28,587.0960306671183,PrototypeCMR,0.9123321104264099,2.220446049250313e-16,0.9208808455154044,0.0797373096820366,0.9999999999999998,0.4380749804283469,2.394636445344467,45.481047538851826,0.007761167322471779,0.287764488580624,1.8741230152480233,2.8366743700266238e-08,0,0,0,0,,
149,28,709.9856431094535,PrototypeCMR,0.876892584119002,0.1982576443741707,0.8126883558683909,0.636437593716787,0.921784587051972,0.3686505666592847,4.688495558734164,42.00539396306397,7.240740809392481e-05,0.6094447444964826,7.599823201692593,0.48148738446729394,0,0,0,0,,
150,28,449.8372156713932,PrototypeCMR,0.9558035299661705,0.3305287845342769,0.9346973213118396,0.7813819460063371,0.8919270069053703,0.4843708205800501,70.26041994261689,0.10083181693387197,3.224567050820665e-05,0.6371018297111779,2.133899398643309,0.20742889515901056,0,0,0,0,,
151,28,506.9303517358382,PrototypeCMR,0.8640812432794593,0.6417171077549704,0.9766452362138722,0.5014215481804599,0.3967928883635067,0.980062236211757,0.5767395010327007,30.718372430679164,5.003886094767619e-05,0.6275454224122642,8.923474183289233,0.7062352255027019,0,0,0,0,,
153,28,695.1167716570598,PrototypeCMR,0.8924750332951107,0.17815328957622464,0.8893461112244513,0.6999136200240184,0.1906279647246496,0.9999999999999998,2.134249879195502,23.93131269391843,0.003720004601406498,0.33847132155024356,8.03289833369845,0.0163243553364605,0,0,0,0,,
155,28,574.0042022337852,PrototypeCMR,0.8779563470758229,2.220446049250313e-16,0.8685317422684277,0.7426901077983947,0.9999999999999998,0.5844822615614986,4.633000756452397,68.4666566552396,0.0077466003309534515,0.325365408352055,7.7116375626708,0.13368401824095613,0,0,0,0,,
159,28,454.803489773013,PrototypeCMR,0.9594144357077282,0.28489285551833027,0.9602590535877342,0.0777722254208557,0.22877314750665992,0.9999999999999998,1.568029569669146,8.749042293388934,0.005716297063798488,0.2562016673927043,2.7855688245272114,1.3539880420499971e-09,0,0,0,0,,
166,28,587.2312481500297,PrototypeCMR,0.8265116808464156,0.05427953883544091,0.7835037750348296,0.06981802025320205,0.9999999999999998,0.14091018376246794,22.97698326419792,1.324239485030214,0.0008689172763508362,0.41608893360884636,2.078953604127229,8.723848149460451e-07,0,0,0,0,,
168,28,509.74151323810287,PrototypeCMR,0.7302518046138026,0.026539513381763632,0.7109154192131367,0.1291339753846947,0.5837393985706465,0.15054288975502209,19.507631705380508,30.53609869099332,0.007681563420855672,0.4426297429351911,2.516687124263258,0.9329962370344757,0,0,0,0,,
174,28,546.0515080055073,PrototypeCMR,0.8605490418614279,0.18092557199739373,0.8081428840215487,0.45027069821056553,2.220446049250313e-16,0.6376094136562551,0.6579736491384118,61.064464219215054,0.00040815713015926827,0.44579190798095375,8.9884240714511,0.976710749016525,0,0,0,0,,
184,28,636.6225877141109,PrototypeCMR,0.7602628672769516,2.220446049250313e-16,0.6821273796334375,0.7593362115054464,0.4698488959895372,0.15252521092406376,7.149365031907679,1.3955711155099453,0.005293297997278033,0.3840696252848273,6.736221602046851,0.9802475771430209,0,0,0,0,,
185,28,535.2435534713862,PrototypeCMR,0.7344197028580409,2.220446049250313e-16,0.9266067109272609,0.47034238311666166,0.00015953125769479787,0.9999999999999998,0.7554609791879804,30.361507156852685,0.0058555024300206105,0.231325471686711,9.746211007489707,0.9999999999991611,0,0,0,0,,
186,28,628.7278173624057,PrototypeCMR,0.7684711360300783,2.220446049250313e-16,0.6178810412580398,0.2677705390264232,0.7310059397068841,0.1439513057089405,1.6357730691574837,91.58786930437856,0.002968457009776826,0.435922102581836,3.6772201269808473,0.9837280451824696,0,0,0,0,,
187,28,451.1773875476884,PrototypeCMR,0.28992007038428114,2.220446049250313e-16,0.8440215531873616,2.220446049250313e-16,0.3055146425591267,0.3721505188465968,0.9277999060056153,0.35384349627105016,0.01963203821151863,0.32754903647520833,7.623283956317441,0.9999994507218982,0,0,0,0,,
188,28,319.06519596489164,PrototypeCMR,0.9098527786148444,0.24387908109043668,0.8705338576468802,0.7576888378952462,0.9999999999999998,0.5895607798166274,2.541639023172611,26.69507367123531,0.04655383501595095,0.34079320545516023,8.04369353081474,0.4300061521884752,0,0,0,0,,
189,28,539.6047619772535,PrototypeCMR,0.9140335343313144,2.220446049250313e-16,0.9074533088041369,0.15159003655511993,0.9999999999999998,0.3582322849491982,0.260828020298866,35.099338666711375,0.03831744424937802,0.1261647639334295,2.199653807246112,2.220446049250313e-16,0,0,0,0,,
190,28,350.855676919108,PrototypeCMR,0.7825561272511773,0.0015595046991370583,0.7390343291462996,0.7639910246543254,2.220446049250313e-16,2.220446049250313e-16,100.0,84.16246193753403,0.05546345772450258,0.2804456226463859,9.999753678763039,0.8309273331025685,0,0,0,0,,
191,28,692.7296865758765,PrototypeCMR,0.9620487210105431,0.40279919801440073,0.8980194175243562,0.34494410733140396,0.9999999999999998,0.6073583748594581,0.5882964202051568,10.729517656653272,0.002975254511671926,0.3690384680651706,3.7271820054895572,2.220446049250313e-16,0,0,0,0,,
192,28,614.3554188196603,PrototypeCMR,0.827167717652121,0.03232076390906674,0.6612454102173415,0.135460286344851,0.7095847612278592,0.1909546231726399,6.96959742345687,1.5959312182062688,0.006783377162369889,0.36954991668270265,2.1574390066683433,0.3844370712062591,0,0,0,0,,
193,28,797.5700361432794,PrototypeCMR,0.9086698966713533,0.14862113216973738,0.7923154276203718,0.7528457935097904,0.4290954929369177,0.6468271429045543,2.461880605098124,51.99683732855698,7.237263656328745e-05,0.5985360429128871,7.843754923961359,0.3500462041029033,0,0,0,0,,
194,28,526.7998425836579,PrototypeCMR,0.503007823264167,0.04075484053169496,0.5868411214760013,0.5861235267512463,2.220446049250313e-16,0.3114347850355307,3.035658789276748,0.7036222267362711,0.0027980234207730438,0.6320841257940502,9.037579881962873,0.43107720336281835,0,0,0,0,,
195,28,779.3103811792431,PrototypeCMR,0.8424825640990768,0.1064086104867165,0.7745319400928544,0.5305380026243235,0.9472742915396807,0.22492761652467785,7.357443611007279,1.8825297349838486,0.0004387865530068272,0.5154330893346626,4.426992352512278,0.7491408700607007,0,0,0,0,,
196,28,603.2963641414829,PrototypeCMR,0.778196845649928,0.441991918757799,0.9888129866779675,0.9060401157674103,0.496571866334351,0.9999999999999998,1.3772501369591028,75.52458724835707,0.004421942447534618,0.3283171093268087,9.28341550174761,0.7379322375099208,0,0,0,0,,
197,28,692.8248574707533,PrototypeCMR,0.7593687830429035,0.10365296496210412,0.867901515670632,0.7197365319181451,0.9999999999999998,0.4718832758736995,2.880910777875797,1.0827495146896589,0.0006213859751366729,0.4685956329087975,7.192040233553798,0.07104190181787409,0,0,0,0,,
198,28,784.2027921659617,PrototypeCMR,0.8379263057853374,0.10080401786388736,0.9236798563812001,0.31945571146473073,0.13464301190136757,0.6942457902796354,3.2212084975742257,27.80978636253556,2.714784365269833e-05,0.6949188532433583,3.2170654278423125,0.5090621227046149,0,0,0,0,,
199,28,563.6795893636989,PrototypeCMR,0.950623969176585,0.03515843942917195,0.9293087771522922,0.01997108668782073,0.9765047513631014,0.08856576885185716,22.991355935250198,0.8797319968804695,0.008453473357709355,0.30136994605526535,0.9735921928572363,0.9912869142785858,0,0,0,0,,
200,28,618.5510095170268,PrototypeCMR,0.9001916981489658,0.34106832730223763,0.8212754843315817,0.5426642433295604,0.05849142190838525,0.9999999999999998,0.5608520629148768,28.43891658369668,0.0014847507745787154,0.4543907144836493,9.689760997548417,7.282510060412379e-09,0,0,0,0,,
201,28,581.1498898023983,PrototypeCMR,0.8238162456920599,0.319365764348576,0.90115365563841,0.650134472639361,0.9999999999999998,0.41514617046437663,2.380421337662458,13.628897354770556,0.003223379406287649,0.3985759470353235,7.9027422766370785,2.220446049250313e-16,0,0,0,0,,
202,28,632.5655995791346,PrototypeCMR,0.44122191240855735,2.220446049250313e-16,0.8831204736131839,0.030982201340458537,0.3347812559578941,0.2583330744813987,1.8401707036647286,86.4388738517615,0.002644543108975822,0.41308065418477286,3.3711874091824674,0.9999999999260726,0,0,0,0,,
207,28,585.6804359872476,PrototypeCMR,0.9289098732657015,0.06188831309319687,0.8240628545560039,0.13119556982186298,0.9999999999999998,0.15672976993092977,10.118795031312153,57.208725581279786,0.00810178583189348,0.32937678158044026,2.39051291717285,5.3787543964665206e-06,0,0,0,0,,
209,28,634.8175717780357,PrototypeCMR,0.9574529332300958,2.220446049250313e-16,0.9348557145604293,0.5627058075910396,0.9999999999999998,0.4903259594826399,2.456718176389434,50.439949314891706,0.004640116054850991,0.34420630277194514,6.395290618299771,8.407748293732276e-08,0,0,0,0,,
210,28,573.6187448052755,PrototypeCMR,0.9270690055253258,2.220446049250313e-16,0.8955808316031962,0.09715664192933357,0.9999999999999998,0.22848728231867602,13.312224660642254,29.246561000863956,0.01611455636458003,0.28025517501434255,1.5519912436956622,2.220446049250313e-16,0,0,0,0,,
211,28,395.1529256748996,PrototypeCMR,0.9178024054898065,0.025748691007644143,0.8862612072105378,0.3758466410121665,2.220446049250313e-16,0.9718589759730717,0.4495490043659262,65.83107782566215,0.00014819428710166353,0.5269997999126155,9.929941194807238,0.9997847281848541,0,0,0,0,,
212,28,514.6344503520393,PrototypeCMR,0.8794530106030042,2.220446049250313e-16,0.929822541084519,0.8167286486772323,0.028047944893620842,0.48458930141278744,0.8775541007629365,69.77747255066716,0.0029005291306712895,0.4869048425250694,9.295712101312626,0.9999999999999998,0,0,0,0,,
215,28,514.0120897039425,PrototypeCMR,0.6727996689850098,2.220446049250313e-16,0.9374461668795615,0.2879134217665082,0.40510390360459925,0.24549000689680378,0.09404117834685752,56.94704715612271,0.010316957811002763,0.3958351329608458,3.7628889478637135,0.9999999999930758,0,0,0,0,,
227,28,523.826289681304,PrototypeCMR,0.8711353677471294,0.002612936671517612,0.9437545772471456,0.6753505143307906,0.17259376284813396,0.9999999999999998,1.935189417857765,59.815533443142925,0.006723035630167626,0.3351418631674612,9.620259275038748,0.9999751754636804,0,0,0,0,,
228,28,504.6688958609036,PrototypeCMR,0.8258924011326454,0.7629267092190842,0.8753557949141102,0.8143476807935929,0.31885632669208314,0.5999615964835384,0.36996771730234584,16.64899820976144,0.006337949940386024,0.4217663259275254,8.598250502870556,0.844816498335208,0,0,0,0,,
229,28,660.2376922256036,PrototypeCMR,0.8762875428826441,0.0004375123029971452,0.9538478091813855,0.5623742145660391,0.00039621997996080826,0.5450127329042025,2.3039926557038184,22.583363414392725,0.004147797644833757,0.3578583325374876,6.080116560413566,0.9999845177574248,0,0,0,0,,
230,28,503.5605257837615,PrototypeCMR,0.8144966015960429,0.2177763539435548,0.905555333217511,0.5991435092371133,2.220446049250313e-16,0.9999999999999998,2.8033589652812214,0.9455988390566936,0.007373351135865978,0.32848661728422807,8.974239608101255,4.884576993057306e-08,0,0,0,0,,
231,28,602.8371391349297,PrototypeCMR,0.941622369329225,0.142211429731536,0.9426435179821769,0.1291300589388765,0.9999999999999998,0.4877704494272136,2.1327302113884334,23.787740181558036,0.003814118831063542,0.3514355339933642,2.4019067597646386,1.7304959296721096e-06,0,0,0,0,,
232,28,682.1002843086659,PrototypeCMR,0.8002480013669411,2.525005355927773e-08,0.8458947226842835,0.6611182288486204,0.01704504766611733,0.9308360991212116,1.1542799261024044,14.247258781809139,0.0007887925099661155,0.4717353019193025,8.92929449536076,0.9999999999954637,0,0,0,0,,
233,28,634.7429662978059,PrototypeCMR,0.8023363825841964,0.023585041317839072,0.8411642547478231,0.07080993031120694,0.33445420361420525,0.29718517108290704,5.624359992234735,10.958625082923584,0.004191500094266862,0.3280278946551918,2.0539880924446754,0.6622654824835709,0,0,0,0,,
234,28,489.8689490243336,PrototypeCMR,0.8906625070019563,0.5840060993872848,0.9631615287427718,0.5966378954432028,0.12447118728035397,0.9999999999999998,0.2823142927335093,82.71380656313636,0.006748015491768014,0.31936716232649087,9.931170654547133,2.220446049250313e-16,0,0,0,0,,
235,28,604.2940591860768,PrototypeCMR,0.9158150151624048,0.31342842990509545,0.8550628817019743,0.3828432419537576,2.220446049250313e-16,0.8135697168644349,1.6392545196455623,0.6500945533129568,0.00502602719322349,0.4236199251166398,4.360110282364144,2.220446049250313e-16,0,0,0,0,,
236,28,604.6543193452534,PrototypeCMR,0.7252420636758082,2.220446049250313e-16,0.7451526530415856,0.6144193206771634,0.3042823065445464,0.19586734143660567,5.540882202908085,3.7098835672193102,0.005766265569435083,0.32711622357765824,8.057420870353283,0.9999999999976614,0,0,0,0,,
237,28,470.46743170527265,PrototypeCMR,0.9729067917374209,0.045667059769156096,0.938609426551232,0.028590092829561393,0.9999999999999998,0.15997539401536517,15.65507381480966,37.12902199468307,0.013950448689459409,0.40503108834897644,1.0620052432708105,1.121890981385965e-06,0,0,0,0,,
238,28,476.7804758070093,PrototypeCMR,0.979222194099724,0.4106381619039793,0.7995821597331579,0.24626796931975792,0.9999999999999998,0.39100148078870045,1.3339880855626354,19.65216589468936,0.010625073708199127,0.33500009165020933,6.881393485828959,4.902952981467026e-09,0,0,0,0,,
239,28,544.1113183806003,PrototypeCMR,0.8890959547208716,0.17603144419780625,0.8993006150603139,0.2528332594619121,0.3110346643334464,0.42338562709003136,2.8243975860058628,31.093145711321334,0.005072505978837214,0.44032635322331315,3.456836619897628,0.7176426341877005,0,0,0,0,,
240,28,518.2659242277728,PrototypeCMR,0.963311363608424,0.19136925303651378,0.5264598922040596,0.0777245459585455,0.9999999999999998,0.1355467207709256,3.677061055824907,9.017979484773084,0.00152592800907833,0.637440440021075,1.8558115980411078,8.771027136635328e-12,0,0,0,0,,
241,28,638.1748708984284,PrototypeCMR,0.8177981751597971,0.0044868708782630036,0.8758273742546694,0.8915640780825864,0.6213548437889682,0.38374596223649526,2.2075048666915253,72.49327354498331,0.0016207453210366953,0.4942204740798134,8.291407910672234,0.9998350295850832,0,0,0,0,,
242,28,517.5260305631532,PrototypeCMR,0.831883702281457,0.1123927695639371,0.9739214058189044,0.25436655555012594,2.220446049250313e-16,0.803992314115881,2.267873019946024,61.09090054538015,0.01244842359197592,0.36551310474799487,2.9899930785527933,0.4112407544042668,0,0,0,0,,
243,28,619.099320331562,PrototypeCMR,0.809531457777219,0.20774932893262965,0.9044534840706955,0.6732833926625463,0.14745700601100906,0.9999999999999998,1.0022259757703347,95.8918431205536,0.0038329991552399595,0.33218896780268126,9.711053659277857,0.25943077778211127,0,0,0,0,,
244,28,651.6559997811189,PrototypeCMR,0.8929567508371193,0.003539945361812594,0.90403618713303,0.9170426397053284,0.6208767058087364,0.8258373973912347,1.2473351634628855,75.32085363556243,0.004811725938561543,0.36962817447279533,9.233202510659511,0.9999719185784649,0,0,0,0,,
63,28,690.1621245235832,InstanceCMR,0.7899934070847865,0.021461207745600116,0.89099080489144,0.004891990890985567,0.7463326062448098,0.09791987623101828,15.31296286023387,1.3479645148422517,0.003560532183836069,0.37509304037353564,0.8470840572983326,0.9973875846757556,,0,0,0,1,1
64,28,508.5250304787288,InstanceCMR,0.7950464789858025,2.220446049250313e-16,0.9999999891952329,0.0027751604614217394,0.7034732681936937,0.2329480802669071,3.31281479519663,1.2862516799780888,0.005305158368850555,0.22282571381756672,1.9466668538431535,0.4321846275202508,,0,0,0,1,1
65,28,501.06850158356514,InstanceCMR,0.8499788696379927,2.220446049250313e-16,0.673325742315958,0.02217689242512162,0.9396943959355042,0.3571450876160827,2.5294925889880084,71.03031437836506,0.005451557691321895,0.4009116059744078,3.391158852066329,0.16288694232318027,,0,0,0,1,1
66,28,619.6733460866212,InstanceCMR,0.7810746297652938,0.11560629811229936,0.9392787473867404,8.170796369586637e-06,0.00043736856463959446,0.0001499089926447448,4.762133163213881,0.8634781978165404,0.0007341877005298206,0.46948845741549655,2.0691224275065525,0.5652834386321112,,0,0,0,1,1
67,28,628.9262408176739,InstanceCMR,0.8030510948216918,2.220446049250313e-16,0.9252553978169847,0.01079228812451541,0.6223235789889994,0.3753453566876665,2.4977604709915173,39.00818832935087,0.0006426394097126411,0.4751681542932109,2.4110707214668565,0.5926933079219587,,0,0,0,1,1
69,28,638.1326716482724,InstanceCMR,0.8882130820896392,2.220446049250313e-16,0.9293176168219569,0.008700270473223764,0.9999999999999998,0.29569026731438314,4.953917943651723,49.5296776498376,0.0051694103389373375,0.334738078636568,1.3264082990900192,0.2016106053373816,,0,0,0,1,1
70,28,506.20891093747036,InstanceCMR,0.9699353499105492,2.220446049250313e-16,0.9132076287003628,0.0004589376439165564,0.06359778155812476,0.04785007471386605,2.1974629984807748,11.774698544232853,0.009888914426011758,0.369024502632432,1.2847424058709314,0.5708167260277153,,0,0,0,1,1
73,28,653.8836645261008,InstanceCMR,0.8189083881464787,0.08002638343508034,0.8759017460165254,0.0475445192887524,0.9798414810316501,0.5456142132500623,1.2358296106388083,55.90831909291734,0.00532371869812324,0.33011836539954276,3.8169559548458687,0.9901238816813533,,0,0,0,1,1
74,28,615.7130552705908,InstanceCMR,0.8784013421074965,0.027496441071958366,0.9423587773503899,0.0007475111431860526,0.512841624348776,0.1306228252454505,8.022867290487156,98.31371308564141,0.0007795273355002963,0.419406925282539,1.1090463127083083,0.6472080183748152,,0,0,0,1,1
75,28,433.344069492224,InstanceCMR,0.8568908106704598,2.220446049250313e-16,0.7196027334985623,0.012280234006409287,0.9999999999999998,0.1437004215519427,2.8404937533259056,68.55306624726694,0.010774710891960582,0.43333910815868776,2.0309830645662768,0.5383950194412692,,0,0,0,1,1
76,28,647.5277372631605,InstanceCMR,0.8977706565353034,0.00880186321172017,0.7836007248978893,0.005027616393186609,0.9538019956355843,0.3107101064335882,1.1388973987547548,42.61479850307304,0.00020279451873401425,0.4867280977789725,1.5747688892403626,0.9999630321787021,,0,0,0,1,1
77,28,637.7495849087804,InstanceCMR,0.8359749388529611,2.220446049250313e-16,0.8711034817618777,0.01260870057439865,0.5019538516863525,0.28782105697107074,1.8534368267617498,1.1169457600258264,0.0011679227953273876,0.4501684986979566,2.7658514192122667,0.44926069239834504,,0,0,0,1,1
79,28,537.6281756224179,InstanceCMR,0.8877552067892062,2.220446049250313e-16,0.9224565802926777,0.007442414007337293,0.9999999999999998,0.31541734961004536,3.348541859791282,0.9605651490168379,0.0021958720259815413,0.35760772515648215,1.996501412028695,1.0657122639343638e-08,,0,0,0,1,1
81,28,678.8799175410583,InstanceCMR,0.9609249606690509,2.220446049250313e-16,0.865276087451994,0.011828658256623902,0.9999999999999998,0.2775536619184978,2.618877404237672,61.96618423467814,0.0008298709255942193,0.4787679707782684,1.5576833293965888,4.6988876822297684e-09,,0,0,0,1,1
82,28,625.5082879710591,InstanceCMR,0.9101814977825091,2.220446049250313e-16,0.8814276722599754,0.01744089229236167,0.9999999999999998,0.36789733461352686,1.8679247506179473,17.96707656930538,0.0005015296425264384,0.5636534663064215,2.057229752044359,2.220446049250313e-16,,0,0,0,1,1
84,28,527.1832274289504,InstanceCMR,0.42134421267396704,2.220446049250313e-16,0.999999896659412,0.0039040864117515102,0.9903513816244844,0.20943397003584943,2.1705859860929686,0.7163103389773362,0.0134511198988538,0.3168582190081057,2.9444416982996158,0.23924053045882787,,0,0,0,1,1
85,28,460.66955458234366,InstanceCMR,0.7071817441500313,0.9680082819333886,0.7175397895571849,0.012991156851058377,0.8273810501242495,0.4122216912990767,0.07575082836426195,45.5581195998834,6.029048590810883e-07,0.9312797440460666,4.936425366113735,0.23441413156836124,,0,0,0,1,1
86,28,651.3330648880245,InstanceCMR,0.8954445930979831,0.04886701203989894,0.8592284074985703,1.3964891134580672e-05,0.006102053027295632,0.0014694836407742819,3.952560796878259,62.46884582695231,0.0028225294498230094,0.4039183233322837,0.7912908243736987,0.9235800279924627,,0,0,0,1,1
87,28,512.2794232612731,InstanceCMR,0.9089465269977969,2.220446049250313e-16,0.882030871339552,0.037321043395423546,0.9999999999999998,0.3752855870285322,1.1100398220959578,75.50039411273559,0.030970232375232606,0.19198702957380348,3.2005019897086893,0.0021855222933984068,,0,0,0,1,1
88,28,674.2989028263321,InstanceCMR,0.8965969295810757,0.07924524100136118,0.7530235539618079,0.019982596321313092,0.9671909498304567,0.374767605833142,1.8330208668370895,95.84566981713596,0.005962004637527146,0.3162280172652949,1.9412388522572286,0.9876677203614186,,0,0,0,1,1
89,28,604.5346077934157,InstanceCMR,0.7772707710922424,0.004371919837395314,0.9742180503476865,0.008869572299296396,0.6651387358960484,0.3524317415833443,4.5092999854072735,0.4475330729618814,0.0006689675863439029,0.49503446533144996,1.7653967775656927,0.9999899383093842,,0,0,0,1,1
90,28,637.2020996352701,InstanceCMR,0.9208605828720062,2.220446049250313e-16,0.9140570307297506,0.030594165484875254,0.9999999999999998,0.4157477270217345,1.2530848631843663,1.0677245746209256,0.0006304499443693509,0.49841111803696725,3.024901733256184,0.18987060500120165,,0,0,0,1,1
91,28,548.4027265163623,InstanceCMR,0.8670479527560743,2.220446049250313e-16,0.9001517565474412,0.011299555392214649,0.8623426870346891,0.2574136424583926,5.146449334731989,1.5868035343105937,0.010907517278080854,0.34756149212553117,1.4609584422085753,0.4114182557101962,,0,0,0,1,1
92,28,792.530187378302,InstanceCMR,0.9768340345645891,0.1433161073385611,0.9991337754636844,0.00017995492148837401,0.8092219274601883,0.17358127895906603,25.93812543282348,70.26614789953818,0.0001853447489188249,0.5561247977945577,0.30997683271229737,0.3054230699994379,,0,0,0,1,1
93,28,443.5738641646346,InstanceCMR,0.9473807714472128,0.0828763129741821,0.8893556663223974,0.02122469257087093,0.777647975141792,0.30081556934818626,1.6435900868199982,59.3909081744541,0.003313037606749506,0.6344314223143405,2.5915669392750735,0.11534039996562868,,0,0,0,1,1
94,28,471.2575487461483,InstanceCMR,0.8763427130913669,2.220446049250313e-16,0.8342127248510272,0.012652527195827464,0.9999999999999998,0.24685027496906903,5.967028197297503,57.30715945490288,0.015534537817345618,0.35910948854176633,1.6557317790047363,2.220446049250313e-16,,0,0,0,1,1
95,28,564.6060646369284,InstanceCMR,0.8918203647425816,2.220446049250313e-16,0.930927878133641,0.0028029927809472012,0.7693684420325594,0.1870457881211372,7.781799041633974,48.80834774996019,0.01605868431407354,0.27543357119046374,0.903451983928816,1.2975111600764472e-08,,0,0,0,1,1
96,28,411.06179862783085,InstanceCMR,0.9449886533758143,0.015682903348145587,0.9910681266113875,4.748255440499106e-05,0.008877842433328455,0.036558537734850356,2.612956617910374,13.170286677721178,0.030911360986512447,0.18942125602943696,1.3491133234881645,0.9969536814484764,,0,0,0,1,1
98,28,687.7719951629515,InstanceCMR,0.7771279423443206,0.008221629261306661,0.9475427035993975,0.0059823296603958,0.6431212001931579,0.26615056332771,3.195670954913627,78.62668973783286,0.0006384718745981577,0.49042879551842,1.469815031702193,0.9249030328457537,,0,0,0,1,1
99,28,680.3924968449227,InstanceCMR,0.9391856517268238,0.17696625884497136,0.8270071737737444,0.018752440515271612,0.7122376385972148,0.4394713954078372,1.251210109674685,49.509009882767586,0.0018183809762028261,0.40583211447045714,2.368145260126254,0.1957974878068145,,0,0,0,1,1
100,28,544.2157459342135,InstanceCMR,0.8052256308215688,2.220446049250313e-16,0.5948990628328316,0.005083822684682642,0.6365177934899471,0.16913514906834154,3.3787010454856445,10.406729654514166,0.008657462553498505,0.37480904496979295,1.5446244819747483,0.9999999999999998,,0,0,0,1,1
101,28,714.4916409878366,InstanceCMR,0.884653020075246,0.2691188155614482,0.8642034107540882,0.023670040722247595,0.8236427746458793,0.39957411463096004,1.0948266427101494,86.12757777322174,5.48797405652632e-05,0.6070342969605299,2.8917100653765964,0.4119907578426352,,0,0,0,1,1
102,28,598.9483752825292,InstanceCMR,0.8233205082166665,2.220446049250313e-16,0.8048235303575841,0.09650740179824899,0.9999999999999998,0.3209055940751462,1.048525523376008,1.6838783524005496,0.008795623526960589,0.31946315093613736,8.549651577606312,6.173137621696168e-10,,0,0,0,1,1
103,28,374.11798787244373,InstanceCMR,0.8768330338068476,2.220446049250313e-16,0.8854832982748821,0.035876170249575075,0.9999999999999998,0.6358989061037358,1.4046782120401033,44.136995669143694,0.03341073604284061,0.35720836749793405,2.781571381782703,8.434022622989902e-09,,0,0,0,1,1
104,28,663.9764430359427,InstanceCMR,0.8658494547864718,0.11933041003113971,0.9272029227247618,0.006344629239984816,0.5115222047228143,0.23872297146329563,3.5044469617524814,13.195809686555723,3.408736107072076e-05,0.6730693781782358,1.8396760561972776,0.9280546589887858,,0,0,0,1,1
105,28,594.5271849355929,InstanceCMR,0.9271472314541318,0.02184347668896909,0.9587450207668697,0.0007678742977379848,0.3158187114517301,0.24195469248143542,2.4492972590698336,70.19041463750828,0.0027832051793196737,0.3505518348527828,1.058149503323817,0.010439212125097755,,0,0,0,1,1
106,28,745.2681111320742,InstanceCMR,0.9075777337242933,2.220446049250313e-16,0.8807785332771877,0.020953257023051647,0.9744971042509081,0.39807599676885186,2.289788326904377,73.016160374464,3.560497749681426e-06,0.805550514160563,2.0316130711071048,0.6811823227762348,,0,0,0,1,1
107,28,591.4915573824175,InstanceCMR,0.9642642870054245,2.220446049250313e-16,0.8559233220111531,0.04983410801893447,0.9999999999999998,0.3610090833232712,0.7225485507020806,40.8720587844536,0.005487414489899597,0.35296949328904675,5.728573016678821,1.6633686223305279e-09,,0,0,0,1,1
108,28,636.8476532129316,InstanceCMR,0.8042863866413998,0.01940631233765422,0.8687258485908946,0.020706430711502292,0.9999999999999998,0.3516621497650081,3.532574595027444,19.912993378151043,0.007538390679879397,0.3129030240862025,1.9521974657951882,0.74140491156576,,0,0,0,1,1
110,28,715.9305762477622,InstanceCMR,0.7974863674455129,0.1660187847980519,0.9106900780645164,0.01195014914632831,0.9226101681517033,0.3307113394235221,3.57875028372205,1.3025306189297758,2.8341336836183276e-05,0.6698774101746957,1.8186929460961678,0.6573568045436591,,0,0,0,1,1
111,28,707.5682625477805,InstanceCMR,0.869950526933073,0.4415285085008914,0.9142509158693797,0.015355289275897554,0.5620710077138346,0.21931750852230564,0.8547456757381299,16.769493021985774,0.0007480181416668271,0.5141486599648867,2.146165527269394,0.4401911444151528,,0,0,0,1,1
112,28,618.4043856433346,InstanceCMR,0.8703503102764844,2.220446049250313e-16,0.9622947536175378,0.0018709034955187956,0.22267299849067562,0.08712355077616024,3.9845525339298544,36.40817502531629,0.00819155794127168,0.2548844208736163,1.370564710421997,0.4947371878663417,,0,0,0,1,1
113,28,528.9318514976848,InstanceCMR,0.8464680302038876,2.220446049250313e-16,0.7932978113123321,0.05474210010492658,0.9999999999999998,0.645749396903385,0.8906612164560398,20.558207226116544,0.016789189304290887,0.27827466278086266,4.456497039482401,0.007301316212845484,,0,0,0,1,1
114,28,575.4047513650931,InstanceCMR,0.8840296960455531,0.07233113090253122,0.9511013400270576,0.008051661691529289,0.5804621389381774,0.2180506364157178,1.7500090541412248,37.72489099845004,0.013246052654648502,0.29519342532042525,1.5577074165566762,0.9684523244944299,,0,0,0,1,1
115,28,614.7897567318144,InstanceCMR,0.9202933541146074,2.220446049250313e-16,0.8979324661635856,0.02108039288667774,0.9999999999999998,0.6338650748520166,1.1748424473337644,51.536955784699565,0.0016146248571773404,0.43643365007084733,2.2630497330939656,9.209237096131415e-09,,0,0,0,1,1
117,28,615.1244645094445,InstanceCMR,0.582546298125611,2.220446049250313e-16,0.9752315417468049,0.0008137601810270585,0.4497435251543492,0.1497922538766355,3.4195232702053766,0.5548533708463371,0.0035866396957028902,0.3753692331618117,1.9369912746657587,0.9999999999999998,,0,0,0,1,1
118,28,395.8282154186163,InstanceCMR,0.9813293131908584,2.220446049250313e-16,0.8548458777039742,0.011587938306478767,0.8027896737628557,0.6296768025844651,4.120962481879855,46.5027173604033,0.02606144949947483,0.3039411510063429,2.103030589899319,0.15252930288820454,,0,0,0,1,1
119,28,655.5385344202499,InstanceCMR,0.9899187500161739,2.220446049250313e-16,0.7361242675045279,0.0024340819156601573,0.2945749176436255,0.9999999999999998,2.044476454602218,75.4719447943731,0.0020432077899880784,0.429234436101791,1.3068212329511453,0.9998881173354006,,0,0,0,1,1
120,28,483.53381183345164,InstanceCMR,0.9829535878057771,2.220446049250313e-16,0.9638038596524593,2.3245478299685785e-06,0.0009833831738443012,0.0010993207328077298,7.192930610879201,76.97903207437128,0.017696703762729783,0.3905959593350063,0.5641081073733204,2.3591867186954243e-06,,0,0,0,1,1
122,28,682.2207177687792,InstanceCMR,0.858625942450936,0.014434808460617602,0.521661597434627,0.010174261263580054,0.6630846185342594,0.2988203725811979,2.3851366672926804,11.407764940774488,0.006621954431473644,0.3130987350737668,1.6802239663760379,0.998722412722278,,0,0,0,1,1
123,28,526.347217061683,InstanceCMR,0.8588387020690961,2.220446049250313e-16,0.5814808383351773,0.06864716283695327,0.9999999999999998,0.416062920714504,0.7596900562976019,45.183571470251955,0.0035193888730673316,0.46020692505592614,8.315414033911834,2.220446049250313e-16,,0,0,0,1,1
124,28,712.3207786314126,InstanceCMR,0.9999998892423073,0.00024058138740898493,0.711509767178394,2.385800410149747e-06,0.6718562952876782,0.46739021467438663,39.5400479733695,41.49366603604251,5.428101175473424e-06,0.9094492359364731,0.44183682719558814,0.5431555222534973,,0,0,0,1,1
125,28,588.6516127043202,InstanceCMR,0.9524169587865855,9.036766623521799e-05,0.9739552584698223,1.4563966105526368e-05,0.008967210207960392,0.005307503277989227,6.70983032946422,1.7690827549541728,0.002898360814306659,0.37794190264353267,0.8683816419063223,0.9953292149396579,,0,0,0,1,1
127,28,654.851842485912,InstanceCMR,0.8513559818332046,2.220446049250313e-16,0.9157266753323438,0.01662461871318034,0.9999999999999998,0.3801439558749057,2.492094828038112,23.7270627754152,0.0017260283892270604,0.4041668092941974,1.999670796817755,0.36477290706022486,,0,0,0,1,1
128,28,708.8514363549536,InstanceCMR,0.8222973359850239,0.09468633632817378,0.9057353173940647,0.008153374245280962,0.716174090639251,0.3814906006001866,1.4857676140447322,77.55196621537743,3.8514343856452986e-05,0.6451739694164983,1.681008180364581,0.4745606159644601,,0,0,0,1,1
130,28,464.18504660865625,InstanceCMR,0.9264894886473393,0.0002855978166689438,0.992294888621466,0.0013907646878349275,0.16029677444592108,0.15184796761139605,3.6518820553628757,92.05643344171055,0.007237527957847702,0.2917567494669367,1.8354373505617159,0.9999971814703822,,0,0,0,1,1
131,28,703.325582403288,InstanceCMR,0.8664871585368972,0.035278376748211,0.9614973375445687,0.002992803842996383,0.9999999999999998,0.24249088993246606,4.791305745312893,97.84014862981887,0.0027466716817393707,0.3836366356724884,0.8006968425548973,0.08328286433348775,,0,0,0,1,1
132,28,587.4318939112238,InstanceCMR,0.9529200586835159,2.220446049250313e-16,0.7334296130339774,0.005801363265106689,0.9999999999999998,0.23411116562050024,8.592993616741847,8.676756123624449,0.011933399216967379,0.3017615842658508,1.0389777157135967,0.3668143513220503,,0,0,0,1,1
133,28,561.9691976804967,InstanceCMR,0.9385251101778153,2.220446049250313e-16,0.7150799701003725,0.029880112609065035,0.9999999999999998,0.47550221775025125,0.6817567624575979,91.92256228385256,0.009548975423158601,0.29380840456991586,3.624326386253416,2.220446049250313e-16,,0,0,0,1,1
134,28,610.1737871396816,InstanceCMR,0.859070567903688,0.023526785623484606,0.899988897205272,0.0064196362472182245,0.9999999999999998,0.36319302665888736,4.370232056949757,1.4306529661874863,0.0005103603357699874,0.46172813098884763,1.6925743290258661,0.9933719421448105,,0,0,0,1,1
135,28,511.62856907093135,InstanceCMR,0.8955942576286928,0.08458641920112688,0.6900131529070115,0.03785594969694391,0.48706443257387405,0.9999999999999998,0.5720848609730754,40.338197679739906,0.006244111054434434,0.43301237119416264,6.850430585677589,0.9861416497630403,,0,0,0,1,1
136,28,525.1984417442325,InstanceCMR,0.7692647454270548,2.220446049250313e-16,0.9999999999999998,0.003062010361656255,0.6591611710483107,0.06532109546358472,6.4493416498137925,24.60868570239252,0.01489188540075322,0.3511243008961634,0.8755505447784686,0.2935194235548428,,0,0,0,1,1
137,28,732.1393765167801,InstanceCMR,0.8885466166013479,0.014100654958462187,0.9539406841829614,0.0012124207203343923,0.1063599178224164,0.04708733344786482,4.647015102849748,1.4811206491728188,0.0006488670317145489,0.4455416322957946,1.1557679982223779,0.991600396630031,,0,0,0,1,1
138,28,729.9449889617964,InstanceCMR,0.9490839944027877,2.220446049250313e-16,0.9723386913752395,0.0011360057838289408,0.9999999999999998,0.10285138973713073,16.86643840389685,30.94948325355493,0.0011511123331368008,0.43864751787194534,0.5608720101385758,0.40336988882489067,,0,0,0,1,1
139,28,745.0712985366182,InstanceCMR,0.849578723640497,0.011874175858613096,0.9546510272211172,0.008892042670503949,0.9929609976421184,0.2488710572352985,2.960004751913242,45.43845509671453,0.0006043861929949913,0.47346427616522874,1.1381765579213177,0.9929337306932178,,0,0,0,1,1
140,28,609.2037371850167,InstanceCMR,0.9068228457560502,0.6891646473052123,0.9707934381952894,0.00023295336650849778,0.012207720003140889,0.013287260773065676,1.3397782159629013,43.65554483262269,0.0057513496198435534,0.32237929912203916,1.7072994138525994,0.3066572721317699,,0,0,0,1,1
141,28,550.0771557856177,InstanceCMR,0.8851912168643613,2.220446049250313e-16,0.7023887444755457,0.03278766839292504,0.9999999999999998,0.2962219176823646,1.3159719657282447,43.13330005148946,0.00911184928268345,0.34555291093323137,3.297178575983102,2.220446049250313e-16,,0,0,0,1,1
142,28,669.6568946226761,InstanceCMR,0.9727858147757054,0.07469353404342324,0.9430991294122381,0.004963498431643314,0.9999999999999998,0.2599130647166954,1.9083635510192518,67.85305489928331,0.0024769371036324874,0.3892178126705495,1.0647318347542127,0.19597058702299056,,0,0,0,1,1
143,28,545.6068242848951,InstanceCMR,0.9628531075080565,5.5310340637800116e-05,0.791014207010182,0.0002992248139967173,0.9999999999999998,0.10771151319702295,27.17655045030737,58.92100244184664,0.02755120083270159,0.20993998020268712,0.5252549586132532,0.14434165134685278,,0,0,0,1,1
144,28,570.0000721363476,InstanceCMR,0.9274210512232498,0.03166861120921877,0.8723085954068109,0.0031206079353250506,0.20849468000310617,0.1379961636315197,3.7378230373648065,59.19643671062299,0.006355251650527059,0.36131952555247815,1.8295758419936388,0.28386304655143424,,0,0,0,1,1
145,28,733.5797520799302,InstanceCMR,0.9893546800274201,0.10104826312553963,0.9974728858324041,0.00026715540346962814,0.6762245413204714,0.13190260765763764,19.51866721939476,72.33285754614329,0.0016056869775901248,0.4064400180587139,0.4182276267398912,0.0426072594307874,,0,0,0,1,1
146,28,543.4323143119766,InstanceCMR,0.8214821011911749,0.04238111640922146,0.8013342759844458,0.012895994479755958,0.9999999999999998,0.4307969877112597,3.921926798122412,1.1006594113333208,0.009800311961861456,0.31231009913192126,2.057527480630704,2.220446049250313e-16,,0,0,0,1,1
147,28,664.7437979887939,InstanceCMR,0.9312249702752621,0.05387555661596533,0.9501289195326512,0.005246709636004182,0.2471673245291401,0.4020297602107444,2.9877726352763854,1.79288930076671,0.00027743670192274046,0.5366057763663146,2.011171982919049,0.20956922312769646,,0,0,0,1,1
148,28,582.5586292971777,InstanceCMR,0.9125446692852667,2.220446049250313e-16,0.9035155020560705,0.011808120473544065,0.9999999999999998,0.5324848695741686,2.2742756886485127,78.12558596052155,0.007762237873136926,0.2877429311558546,1.7688188766102473,2.220446049250313e-16,,0,0,0,1,1
149,28,703.3400201645165,InstanceCMR,0.9270822180104831,0.009257842368199374,0.8476380601519623,0.011182682867668723,0.6655656069999535,0.28540302586759775,3.2447037504048315,1.558934763715448,7.852007999407864e-05,0.603633867686357,1.9094129518118648,0.3240983942192137,,0,0,0,1,1
150,28,436.47164963422534,InstanceCMR,0.8752493426228806,0.3839238644684374,0.9826550226825039,0.023807713101400108,0.7591631434360986,0.4977440007977164,1.9268005983665875,10.187562268218741,1.625117034147562e-05,0.6861540036122833,4.773621138383527,0.09835379131611158,,0,0,0,1,1
151,28,507.93642888683553,InstanceCMR,0.9490216804469518,0.9104360288899835,0.980584563952084,0.00354965520160538,0.3359513675005197,0.8023916815212435,0.39836705676339845,70.81756271340242,5.7813771730164145e-05,0.6171819911625246,2.0241346860917124,0.6732357244258985,,0,0,0,1,1
153,28,686.4547476765704,InstanceCMR,0.9794862169503522,2.220446049250313e-16,0.9663260779767847,4.319525884448917e-05,0.00808725647256005,0.013034374094073105,8.353385891215536,62.69091060456587,0.0034189169155117924,0.34551396064077117,0.8186948346349989,2.220446049250313e-16,,0,0,0,1,1
155,28,565.3912142004073,InstanceCMR,0.7518123993975977,2.220446049250313e-16,0.6803756046646513,0.08250946555053813,0.9942284404103744,0.5734708049148628,1.301263228986879,1.1259677552727834,0.00774279822321065,0.3254124968253877,8.324349674280223,0.016464591528633162,,0,0,0,1,1
159,28,452.3537250856076,InstanceCMR,0.947993877398468,0.19107270384605918,0.9528325895081144,0.019503723823279157,0.8502092522766803,0.9999999999999998,0.8137459894156025,83.18939358746812,0.005714833283451341,0.2562147031077742,3.0531464865513205,2.220446049250313e-16,,0,0,0,1,1
166,28,583.237743632101,InstanceCMR,0.754547121080108,0.01775382086709122,0.8094156995900517,0.016002895225448066,0.8227322969144679,0.2171711712845031,5.578446614857153,1.0698142324648108,0.0008379549534010885,0.41890671121901585,3.0988268995706827,0.5254156916322665,,0,0,0,1,1
168,28,506.69450717259764,InstanceCMR,0.7131669617023805,0.15577908751290012,0.8836447046249251,0.04396117625370086,0.9265012627606524,0.23373983895985248,2.694849252940646,17.35902491082062,0.010051385150767624,0.41818543904328176,4.246409820175676,0.6499524217563394,,0,0,0,1,1
174,28,556.8069555157522,InstanceCMR,0.8827061011229425,0.6914836524722834,0.9262571096756922,0.028335203527525665,0.9377240988067083,0.3041586567758906,1.0332406179847453,0.8238782241512581,0.0017503530555525448,0.32691096746936754,3.99460829672313,0.855463067113629,,0,0,0,1,1
184,28,659.2501037363321,InstanceCMR,0.9999996639254747,0.7222819372433779,0.9998307511564939,2.7848190341889904e-08,0.678048746160741,0.6069603739274194,64.01125599756983,84.40981158211059,0.0032780231219409674,0.42848728086743804,0.15401320171780272,0.21696757877265452,,0,0,0,1,1
185,28,541.6381805308298,InstanceCMR,0.9212415933860651,2.220446049250313e-16,0.9951842482950681,0.00046142381046564894,0.4236406842940326,0.20284428130108767,3.831438731879227,24.927012714751008,0.006689237963032169,0.21941124887218108,1.02308986083782,0.4098586455723998,,0,0,0,1,1
186,28,697.9875303101038,InstanceCMR,0.762518357750973,0.12702641138912218,0.5856553045262882,2.220446049250313e-16,0.7449647250386214,0.2627005497302186,52.69579620152391,19.866419152109035,0.003379510762235185,0.4316849757796215,0.28032170851308735,0.19361898554480556,,0,0,0,1,1
187,28,450.9394635276622,InstanceCMR,0.691925934187045,0.0024529669012263765,0.8459830420488796,5.3434606710566976e-05,0.003409862576174273,0.000757611845421676,7.050392847382991,0.9800328525547746,0.019173875837364122,0.3295369707598407,1.9371796553251275,0.9969683247708337,,0,0,0,1,1
188,28,327.54472200247585,InstanceCMR,0.9998950164997671,0.0002678294494281846,0.9999999999999998,2.2746822285763503e-05,0.8235923480040678,0.7293495756461965,19.50272070239634,67.741366324247,0.04575039680484895,0.34272754609862055,0.4215527502979155,0.0521024504480478,,0,0,0,1,1
189,28,538.4575369778195,InstanceCMR,0.9141374799860913,2.220446049250313e-16,0.8826346614062236,0.021154830206295532,0.9999999999999998,0.3948051460526059,1.0950635769830297,42.022464506236176,0.03827656003641249,0.12626655208109017,2.020522551231765,0.006762255289414808,,0,0,0,1,1
190,28,350.0706923282966,InstanceCMR,0.9671125623482477,0.02221805945920386,0.999932083337885,1.7451533724700638e-05,0.18701131230773227,0.0026843357409946644,5.668615280268529,36.43962578185826,0.05707307882044308,0.2757003357058692,0.4156200719509013,0.339940441009447,,0,0,0,1,1
191,28,692.5567872877784,InstanceCMR,0.9384628813289173,0.07805475422650907,0.8520003659844945,0.037302829674563734,0.6654817685117347,0.6264037922661646,0.6635594659254922,15.261147330336218,0.0029664613140851104,0.3692694035312316,4.044403939634235,0.41867004465361946,,0,0,0,1,1
192,28,610.9100873417988,InstanceCMR,0.9340353880410179,2.220446049250313e-16,0.6965480802476717,0.004165563575879188,0.9999999999999998,0.14092054739061208,7.375931293043403,11.436014868215203,0.0036935380620762115,0.41893024132942197,1.0130954273518986,2.220446049250313e-16,,0,0,0,1,1
193,28,799.5157612372125,InstanceCMR,0.8710730609902063,0.3535542809768269,0.8207045939068273,0.04183816904218582,0.8461153508203211,0.40624636593836455,0.8711050385370431,68.53144719850125,3.120857420834451e-05,0.6589460207838046,3.2242917354308616,0.6394949133007379,,0,0,0,1,1
194,28,529.3103408459591,InstanceCMR,0.7285673346916792,0.0031061280909875743,0.7356239177022391,0.0011758725260734221,0.9999999999999998,0.061233070649232224,69.67995736263306,1.5699631783360766,0.002749132523600361,0.634181076617552,0.6842773264904971,0.8756253297665312,,0,0,0,1,1
195,28,778.3653883453892,InstanceCMR,0.9476692667772915,0.2906941705524155,0.8852363830822398,0.007868486435043575,0.6974486541951467,0.13607676905424532,2.4365028288381225,1.4664189098669618,0.0004039178906927679,0.5209531864698009,1.0798853719078578,0.27167223665398754,,0,0,0,1,1
196,28,610.9093673894256,InstanceCMR,0.7748234713197548,0.5504181593852763,0.9981004598100365,0.038373566112152604,0.7211556860120193,0.9999999999999998,1.3336413311484625,55.51575359307618,0.004412557135196073,0.3284921897087528,3.5611232480462127,0.16716558114350255,,0,0,0,1,1
197,28,692.5703598073425,InstanceCMR,0.7595825258701184,0.03361258073091791,0.8733346500589775,0.0140419032464713,0.44428445660586613,0.3936866160896386,2.1841557583195956,1.2339860627194177,0.0006487778238005596,0.4653232456263674,2.9379834114379033,0.3006263584290447,,0,0,0,1,1
198,28,802.6012872926813,InstanceCMR,0.8331503141756962,0.014312405577893116,0.9849479917241161,0.000575580112359433,0.7803442030742843,0.17755302732946676,55.73159459938901,22.311858636935295,0.0004401213174403383,0.5022872425045346,0.4334642055181471,0.7993384782127402,,0,0,0,1,1
199,28,564.4636153491342,InstanceCMR,0.9251746744672691,0.0158068257830429,0.8894488593550859,0.0034280857627988753,0.6807382972170269,0.11137580497637337,5.718462271634983,1.1252009781164798,0.00848665359924106,0.30100142783546463,1.2252699750000515,0.9997166107953382,,0,0,0,1,1
200,28,615.735482774329,InstanceCMR,0.9629004677164655,0.046825209711624134,0.9289340836235083,0.005144731178023858,0.5731723708548445,0.22752056877286822,2.5572654153750873,36.572128741915584,0.0014824191739059255,0.45451008625875716,1.521280546928228,0.6291573099345042,,0,0,0,1,1
201,28,571.2060656259267,InstanceCMR,0.8822250357553344,0.05044010516096223,0.9336661299919466,0.01244283263991714,0.7060889636237377,0.33908032709415253,3.606810851959368,76.18218269313566,0.003201400010848083,0.39918097210697445,2.210310551067512,0.2748222495360328,,0,0,0,1,1
202,28,629.1609882202698,InstanceCMR,0.8515117746327217,2.220446049250313e-16,0.9998586608837496,8.342905761650335e-06,0.29156347221290646,0.013245348924735912,88.17453858280582,19.857151142876678,0.0025449576099886373,0.41610272682717575,0.49369018593227004,0.15802637238494976,,0,0,0,1,1
207,28,641.1988934144166,InstanceCMR,0.999999971326097,0.45301191353005493,0.5692451654681367,5.00443934091166e-07,0.8671423139709565,0.6986758223299175,29.511390767829962,73.37069080172189,0.0010315718212529359,0.4867112842639866,0.27071139170355857,0.04837232750513947,,0,0,0,1,1
209,28,633.2493504508633,InstanceCMR,0.9332068932055755,2.220446049250313e-16,0.9202541884791697,0.06475096674478704,0.9999999999999998,0.48497494141464176,0.6992837877814577,82.49213959681448,0.0046404324949808114,0.34420022826731156,5.604518787715944,1.1488593222168093e-09,,0,0,0,1,1
210,28,567.9330114873216,InstanceCMR,0.931529354062316,2.220446049250313e-16,0.8958836650604904,0.01642120569885995,0.9999999999999998,0.30663716920258677,3.3374090835482324,63.684799535523084,0.016125717174810726,0.2801985222932157,1.5995364896626811,2.220446049250313e-16,,0,0,0,1,1
211,28,389.0223027366527,InstanceCMR,0.8971120847995528,0.020630734197094578,0.8739131528426485,0.018571780112345775,0.5334413170716295,0.38902345322801346,1.8714702945040063,99.03748932367034,0.0005165684173694781,0.4360031482469726,6.312877498639771,0.9997727527959626,,0,0,0,1,1
212,28,570.3578991808452,InstanceCMR,0.9998838572929869,0.5255045380933665,0.9999999999999998,1.1453330799317448e-07,0.7949536700992444,0.7800640218332722,35.30683222437472,61.36714677114642,0.0020271074618770746,0.5221400707501622,0.22026955028155784,0.47268159465361054,,0,0,0,1,1
215,28,512.7579227625812,InstanceCMR,0.7357704221455945,2.220446049250313e-16,0.9723816475850097,0.00452371208942555,0.6843177195515181,0.09858190682847126,2.638080773881925,15.730168498516099,0.011166179563792678,0.3876548078654277,1.2359898243274625,0.9999999999999998,,0,0,0,1,1
227,28,522.8336869048726,InstanceCMR,0.8813794488817818,0.002911686656296018,0.9497272351816316,0.0035261921876421254,0.16491053105456954,0.1997107576327206,3.360338414351678,67.71207374543584,0.006985856148613095,0.33092444740178506,2.4018961421421934,0.9999683387586156,,0,0,0,1,1
228,28,499.5415518646164,InstanceCMR,0.7815560110404614,0.0047643606933075846,0.947331007582391,0.010690602341792704,0.26860950556115115,0.13636223137956974,2.442183141134734,1.2306790095031441,0.004011445952327181,0.46993451537608033,2.8064812476614622,0.9999962346886295,,0,0,0,1,1
229,28,656.529839424906,InstanceCMR,0.9609964030390575,0.004756835783063901,0.9940415231831444,3.8155649712553385e-06,0.0010023346582775984,0.0003583134342055891,5.808613648984134,68.09812236341905,0.004525729443928096,0.3522113586771202,0.7881980098491231,0.5223627204502642,,0,0,0,1,1
230,28,523.915893970439,InstanceCMR,0.7850346341397622,0.3343306605509987,0.9963446079871727,0.03489615135656955,0.7468111532646656,0.9999999999999998,1.4948283914861074,58.94944650880652,0.007346165025284848,0.3288311346755617,3.8231691601837854,0.04370956798468662,,0,0,0,1,1
231,28,601.7214002718372,InstanceCMR,0.9299035133075843,0.04115522479163297,0.921444766444295,0.01943346880309405,0.766573811692357,0.6803819949734325,1.0784449065972312,66.28101299950248,0.003819319668392024,0.3513035755090148,2.538798709804514,2.220446049250313e-16,,0,0,0,1,1
232,28,672.1797426020474,InstanceCMR,0.7705736475814806,0.012504463198763948,0.8448024875057679,2.061975323009111e-05,0.00206792331508196,0.0016826875184520085,3.6940398003041284,0.909426995726201,0.0006344211594076941,0.4896450494962127,1.576993791672104,0.71925668105076,,0,0,0,1,1
233,28,635.9940728025105,InstanceCMR,0.8112883416597598,0.013733883896978077,0.895208284617201,0.010184709948941441,0.7746145941260976,0.27699599811243664,2.9252737857927227,78.67350920680693,0.00447776618934874,0.3221716039034611,1.959964326606032,0.10062270301165291,,0,0,0,1,1
234,28,479.4443312655815,InstanceCMR,0.9514338000317144,0.001075377585141853,0.9864332461786773,0.003722547500289585,0.6895159240840434,0.2255172174547289,5.169375010880088,62.08961011200146,0.006444581590731785,0.32349513613484926,1.5152147463807346,0.9999959775463864,,0,0,0,1,1
235,28,613.3284215548343,InstanceCMR,0.9999976896393774,0.39988072062569213,0.9982061890945888,4.1778656532043655e-07,0.5713321417447244,0.3517058603157754,16.502608344763825,28.033742875297072,0.002301116944210996,0.49622994736768494,0.2255342997555089,0.8427305199785361,,0,0,0,1,1
236,28,621.0427579261699,InstanceCMR,0.7411251391678421,2.220446049250313e-16,0.8881642812379692,0.0047107367230094215,0.8274793819822231,0.12598864407825422,2.4389150451881596,2.943773285179988,0.0056715177368722725,0.3283832184845588,1.417484520368394,0.9999999999999998,,0,0,0,1,1
237,28,466.29417527335477,InstanceCMR,0.9765351283673281,0.01754897052257566,0.9562370667059462,0.0038995778940030907,0.9999999999999998,0.19834611068711033,6.135385055421396,61.11044117384587,0.013937556387318245,0.4051099627501794,0.9385499074852807,4.918086529443514e-08,,0,0,0,1,1
238,28,473.676405176899,InstanceCMR,0.9791494432762355,0.039630615011599805,0.8061527746652529,0.051695106353709545,0.9999999999999998,0.48426481857440395,0.42470925834316214,76.53015383141197,0.010621878406197518,0.335024306342555,10.0,1.0503224609823748e-07,,0,0,0,1,1
239,28,538.2730731257058,InstanceCMR,0.9259191776561383,0.12485187158538279,0.9345182762866734,0.007523086603723391,0.5755881381536733,0.19618537672211275,3.200879237358929,2.599796150144344,0.005031809164780507,0.44099763999236036,1.513870390358843,0.7545851829118143,,0,0,0,1,1
240,28,512.7427919783071,InstanceCMR,0.9126123891317204,2.220446049250313e-16,0.6021101178232882,0.02929841888229435,0.9999999999999998,0.1377491094780653,2.474208250808377,95.96705482324833,0.001521026095946961,0.6377806557392725,2.875638923600601,0.20411818312859156,,0,0,0,1,1
241,28,641.3602859440018,InstanceCMR,0.8618884861320987,0.17287356516729224,0.9681977235562605,0.005885836202740789,0.2871501882932384,0.12515819150555987,2.4330866010517838,3.3506117234104544,0.0020488894238749134,0.47618879742674586,1.554845505853745,0.4627150733870602,,0,0,0,1,1
242,28,519.3951459177601,InstanceCMR,0.8962442527717348,0.03700284776630575,0.9836272280944311,0.005415439750720326,0.8501253333100381,0.4555536133957534,4.89811103026853,36.04122823775834,0.012434571805091357,0.36560435387111323,0.9636033067004953,0.3398456570956764,,0,0,0,1,1
243,28,616.4800565353679,InstanceCMR,0.9222282840487938,0.014098595595231925,0.9423851970431426,1.8386328074911533e-06,0.000303499471766367,0.0003386346786683169,4.732345227912763,81.19300115426213,0.0038646377372500334,0.33326540635233426,1.1744743432589113,0.7051224426091979,,0,0,0,1,1
244,28,652.9436743499033,InstanceCMR,0.9433547191302805,0.0010086235545847394,0.8980790911566616,0.0030936648946267085,0.21935135362859212,0.17769751166262293,2.067098668647712,81.97479535253346,0.006349072515271919,0.3463759627185022,1.4052686517941804,0.9999970127714141,,0,0,0,1,1
